INSERT INTO `countries`(`id`,`name`) VALUES
(1,'PERÚ');

INSERT INTO `departments`(`id`,`name`,`country_id`) VALUES
(1,'AMAZONAS',1),
(2,'ÁNCASH',1),
(3,'APURÍMAC',1),
(4,'AREQUIPA',1),
(5,'AYACUCHO',1),
(6,'CAJAMARCA',1),
(7,'CALLAO (PROVINCIA CONSTITUCIONAL)',1),
(8,'CUSCO',1),
(9,'HUANCAVELICA',1),
(10,'HUÁNUCO',1),
(11,'ICA',1),
(12,'JUNÍN',1),
(13,'LA LIBERTAD',1),
(14,'LAMBAYEQUE',1),
(15,'LIMA',1),
(16,'LORETO',1),
(17,'MADRE DE DIOS',1),
(18,'MOQUEGUA',1),
(19,'PASCO',1),
(20,'PIURA',1),
(21,'PUNO',1),
(22,'SAN MARTIN',1),
(23,'TACNA',1),
(24,'TUMBES',1),
(25,'UCAYALI',1);

INSERT INTO `provinces`(`id`,`name`,`department_id`) VALUES
(1,'CHACHAPOYAS',1),
(2,'BAGUA',1),
(3,'BONGARÁ',1),
(4,'CONDORCANQUI',1),
(5,'LUYA',1),
(6,'RODRIGUEZ DE MENDOZA',1),
(7,'UTCUBAMBA',1),
(8,'AIJA',2),
(9,'ANTONIO RAYMONDI',2),
(10,'ASUNCIÓN',2),
(11,'BOLOGNESI',2),
(12,'CARHUAZ',2),
(13,'CARLOS FERMIN FITZCARRALD',2),
(14,'CASMA',2),
(15,'CORONGO',2),
(16,'HUARAZ',2),
(17,'HUARI',2),
(18,'HUARMEY',2),
(19,'HUAYLAS',2),
(20,'MARISCAL LUZURIAGA',2),
(21,'OCROS',2),
(22,'PALLASCA',2),
(23,'POMABAMBA',2),
(24,'RECUAY',2),
(25,'SANTA',2),
(26,'SIHUAS',2),
(27,'YUNGAY',2),
(28,'ABANCAY',3),
(29,'ANDAHUAYLAS',3),
(30,'ANTABAMBA',3),
(31,'AYMARAES',3),
(32,'COTABAMBAS',3),
(33,'CHINCHEROS',3),
(34,'GRAU',3),
(35,'AREQUIPA',4),
(36,'CAMANÁ',4),
(37,'CARAVELÍ',4),
(38,'CASTILLA',4),
(39,'AYLLOMA',4),
(40,'CONDESUYOS',4),
(41,'ISLAY',4),
(42,'LA UNIÓN',4),
(43,'HUAMANGA',5),
(44,'CANGALLO',5),
(45,'HUANCA SANCOS',5),
(46,'HUANTA',5),
(47,'LA MAR',5),
(48,'LUCANAS',5),
(49,'PARINACOCHAS',5),
(50,'PÁUCAR DEL SARA SARA',5),
(51,'SUCRE',5),
(52,'VÍCTOR FAJARDO',5),
(53,'VILCASHUAMÁN',5),
(54,'CAJAMARCA',6),
(55,'CAJABAMBA',6),
(56,'CELENDÍN',6),
(57,'CHOTA',6),
(58,'CONTUMAZÁ',6),
(59,'CUTERVO',6),
(60,'HUALGAYOC',6),
(61,'JAÉN',6),
(62,'SAN IGNACIO',6),
(63,'SAN MARCOS',6),
(64,'SAN MIGUEL',6),
(65,'SAN PABLO',6),
(66,'SANTA CRUZ',6),
(67,'CALLAO / CERCADO',7),
(68,'BELLAVISTA',7),
(69,'CARMEN DE LA LEGUA-REYNOSO',7),
(70,'LA PERLA',7),
(71,'LA PUNTA',7),
(72,'VENTANILLA',7),
(73,'MI PERÚ',7),
(74,'CUZCO',8),
(75,'ACOMAYO',8),
(76,'ANTA',8),
(77,'CALCA',8),
(78,'CANAS',8),
(79,'CANCHIS',8),
(80,'CHUMBIVILCAS',8),
(81,'ESPINAR',8),
(82,'LA CONVENCIÓN',8),
(83,'PARURO',8),
(84,'PAUCARTAMBO',8),
(85,'QUISPICANCHI',8),
(86,'URUBAMBA',8),
(87,'HUANCAVELICA',9),
(88,'ACOBAMBA',9),
(89,'ANGARAES',9),
(90,'CASTROVIRREYNA',9),
(91,'CHURCAMPA',9),
(92,'HUAYTARÁ',9),
(93,'TAYACAJA',9),
(94,'HUÁNUCO',10),
(95,'AMBO',10),
(96,'DOS DE MAYO',10),
(97,'HUACAYBAMBA',10),
(98,'HUAMALÍES',10),
(99,'LEONCIO PRADO',10),
(100,'MARAÑÓN',10),
(101,'PACHITEA',10),
(102,'PUERTO INCA',10),
(103,'LAURICOCHA',10),
(104,'YAROWILCA',10),
(105,'ICA',11),
(106,'CHINCHA',11),
(107,'NASCA',11),
(108,'PALPA',11),
(109,'PISCO',11),
(110,'HUANCAYO',12),
(111,'CONCEPCIÓN',12),
(112,'CHANCHAMAYO',12),
(113,'JAUJA',12),
(114,'JUNÍN',12),
(115,'SATIPO',12),
(116,'TARMA',12),
(117,'YAULI',12),
(118,'CHUPACA',12),
(119,'TRUJILLO',13),
(120,'ASCOPE',13),
(121,'BOLÍVAR',13),
(122,'CHEPÉN',13),
(123,'JULCÁN',13),
(124,'OTUZCO',13),
(125,'PACASMAYO',13),
(126,'PATAZ',13),
(127,'SÁNCHEZ CARRIÓN',13),
(128,'SANTIAGO DE CHUCO',13),
(129,'GRAN CHIMÚ',13),
(130,'VIRÚ',13),
(131,'CHICLAYO',14),
(132,'FERREÑAFE',14),
(133,'LAMBAYEQUE',14),
(134,'LIMA',15),
(135,'BARRANCA',15),
(136,'CAJATAMBO',15),
(137,'CANTA',15),
(138,'CAÑETE',15),
(139,'HUARAL',15),
(140,'HUAROCHIRÍ',15),
(141,'HUAURA',15),
(142,'OYÓN',15),
(143,'YAUYOS',15),
(144,'MAYNAS',16),
(145,'ALTO AMAZONAS',16),
(146,'LORETO',16),
(147,'MARISCAL RAMÓN CASTILLA',16),
(148,'REQUENA',16),
(149,'UCAYALI',16),
(150,'DATEM DEL MARAÑÓN',16),
(151,'PUTUMAYO',16),
(152,'TAMBOPATA',17),
(153,'MANU',17),
(154,'TAHUAMANU',17),
(155,'MARISCAL NIETO',18),
(156,'GENERAL SÁNCHEZ CERRO',18),
(157,'ILO',18),
(158,'PASCO',19),
(159,'DANIEL ALCIDEZ CARRIÓN',19),
(160,'OXAPAMPA',19),
(161,'PIURA',20),
(162,'AYABACA',20),
(163,'HUANCABAMBA',20),
(164,'MORROPÓN',20),
(165,'PAITA',20),
(166,'SULLANA',20),
(167,'TALARA',20),
(168,'SECHURA',20),
(169,'PUNO',21),
(170,'SAN ROMÁN',21),
(171,'AZÁNGARO',21),
(172,'CHUCUITO',21),
(173,'EL COLLAO',21),
(174,'MELGAR',21),
(175,'CARABAYA',21),
(176,'HUANCANÉ',21),
(177,'SANDIA',21),
(178,'SAN ANTONIO DE PUTINA',21),
(179,'LAMPA',21),
(180,'YUNGUYO',21),
(181,'MOHO',21),
(182,'MOYOBAMBA',22),
(183,'BELLAVISTA',22),
(184,'EL DORADO',22),
(185,'HUALLAGA',22),
(186,'LAMAS',22),
(187,'MARISCAL CACERES',22),
(188,'PICOTA',22),
(189,'RIOJA',22),
(190,'SAN MARTIN',22),
(191,'TOCACHE',22),
(192,'CANDARAVE',23),
(193,'JORGE BASADRE',23),
(194,'TACNA',23),
(195,'TARATA',23),
(196,'TUMBES',24),
(197,'ZARUMILLA',24),
(198,'CONTRALMIRANTE VILLAR',24),
(199,'CORONEL PORTILLO',25),
(200,'ATALAYA',25),
(201,'PADRE ABAD',25),
(202,'PURÚS',25);

INSERT INTO `districts` (`id`,`name`,`province_id`) VALUES
(1,'ASUNCION',1),
(2,'BALSAS',1),
(3,'CHACHAPOYAS',1),
(4,'CHETO',1),
(5,'CHILIQUIN',1),
(6,'GRANADA',1),
(7,'HUANCAS',1),
(8,'LA JALCA',1),
(9,'LEVANTO',1),
(10,'LEYMEBAMBA',1),
(11,'MAGDALENA',1),
(12,'MARISCAL CASTILLAS',1),
(13,'MOLINOPAMPA',1),
(14,'MONTEVIDEO',1),
(15,'OLLEROS',1),
(16,'QUINJALCA',1),
(17,'SAN FRANCISCO DE DAGUAS',1),
(18,'SAN ISIDRO DE MAINO',1),
(19,'SOLOCO',1),
(20,'SONCHE',1),
(21,'ARAMANGO',2),
(22,'COPALLINI',2),
(23,'EL PARCO',2),
(24,'IMAZA',2),
(25,'LA PECA',2),
(26,'CHISQUILLA',3),
(27,'CHURUJA',3),
(28,'COROSHA',3),
(29,'CUISPES',3),
(30,'FLORIDA',3),
(31,'JAZAN',3),
(32,'JUMBILLA',3),
(33,'RECTA',3),
(34,'SAN CARLOS',3),
(35,'SHIPASBAMBA',3),
(36,'VALERA',3),
(37,'YAMBRASBAMBA',3),
(38,'EL CENEPA',4),
(39,'NIEVA',4),
(40,'RIO SANTIAGO',4),
(41,'CAMPORREDONDO',5),
(42,'COCABAMBA',5),
(43,'COLCAMAR',5),
(44,'CONILA',5),
(45,'INGUILPATA',5),
(46,'LAMUD',5),
(47,'LONGUITA',5),
(48,'LONYA CHICO',5),
(49,'LUYA',5),
(50,'LUYA VIEJO',5),
(51,'MARÍA',5),
(52,'OCALLI',5),
(53,'OCUMAL',5),
(54,'PISUQUIA',5),
(55,'PROVIDENCIA',5),
(56,'SAN CRISTÓBAL',5),
(57,'SAN FRANCISCO DEL YESO',5),
(58,'SAN JERÓNIMO',5),
(59,'SAN JUAN DE LOPECANCHA',5),
(60,'SANTA CATALINA',5),
(61,'SANTO TOMÁS',5),
(62,'TINGO',5),
(63,'TRITA',5),
(64,'CHIRIMOTO',6),
(65,'COCHAMAL',6),
(66,'HUAMBO',6),
(67,'LIMABAMBA',6),
(68,'LONGAR',6),
(69,'MARISCAL BENAVIDES',6),
(70,'MILPUC',6),
(71,'OMIA',6),
(72,'SAN NICOLAS',6),
(73,'SANTA ROSA',6),
(74,'TOTORA',6),
(75,'VISTA ALEGRE',6),
(76,'BAGUA GRANDE',7),
(77,'CAJARURO',7),
(78,'CUMBA',7),
(79,'EL MILAGRO',7),
(80,'JAMALCA',7),
(81,'LONYA GRANDE',7),
(82,'YAMON',7),
(83,'AIJA',8),
(84,'CORIS',8),
(85,'HUACLLAN',8),
(86,'LA MERCED',8),
(87,'SUCCHA',8),
(88,'ACZO',9),
(89,'CHACCHO',9),
(90,'CHINGAS',9),
(91,'LLAMELLIN',9),
(92,'MIRGAS',9),
(93,'SAN JUAN DE RONTOY',9),
(94,'ACOCHACA',10),
(95,'CHACAS',10),
(96,'ABELARDO PARDO LEZAMETA',11),
(97,'ANTONIO RAYMONDI',11),
(98,'AQUIA',11),
(99,'CAJACAY',11),
(100,'CANIS',11),
(101,'CHIQUIAN',11),
(102,'COLQUIOC',11),
(103,'HUALLANCA',11),
(104,'HUASTA',11),
(105,'HUAYLLACAYAN',11),
(106,'LA PRIMAVERA',11),
(107,'MANGAS',11),
(108,'PACLLÓN',11),
(109,'SAN MIGUEL DE CORPANQUI',11),
(110,'TICLLOS',11),
(111,'ACOPAMPA',12),
(112,'AMASHCA',12),
(113,'ANTA',12),
(114,'ATAQUERO',12),
(115,'CARHUAZ',12),
(116,'MARCARÁ',12),
(117,'PARIAHUANCA',12),
(118,'SAN MIGUEL DEL ACO',12),
(119,'SHILLA',12),
(120,'TINCO',12),
(121,'YUNGAR',12),
(122,'SAN LUIS',13),
(123,'SAN NICOLÁS',13),
(124,'YAUYA',13),
(125,'BUENA VISTA ALTA',14),
(126,'CASMA',14),
(127,'COMANDANTE NOEL',14),
(128,'YAUTÁN',14),
(129,'ACO',15),
(130,'BAMBAS',15),
(131,'CORONGO',15),
(132,'CUSCA',15),
(133,'LA PAMPA',15),
(134,'YANAC',15),
(135,'YUPAN',15),
(136,'COCHABAMBA',16),
(137,'COLCABAMBA',16),
(138,'HUANCHAY',16),
(139,'HUARAZ',16),
(140,'INDEPENDENCIA',16),
(141,'JANGAS',16),
(142,'LA LIBERTAD',16),
(143,'OLLEROS',16),
(144,'PAMPAS',16),
(145,'PARIACOTO',16),
(146,'PIRA',16),
(147,'TARICA',16),
(148,'ANRA',17),
(149,'HUARI',17),
(150,'CAJAY',17),
(151,'CHAVIN DE HUANTAR',17),
(152,'HUACACHI',17),
(153,'HUACCHIS',17),
(154,'HUACHIS',17),
(155,'HUANTAR',17),
(156,'MASIN',17),
(157,'PAUCAS',17),
(158,'PONTÓ',17),
(159,'RAHUAPAMPA',17),
(160,'RAPAYÁN',17),
(161,'SAN MARCOS',17),
(162,'SAN PEDRO DE CHANÁ',17),
(163,'UCO',17),
(164,'HUARMEY',18),
(165,'COCHAPETI',18),
(166,'CULEBRAS',18),
(167,'HUAYAN',18),
(168,'MALVAS',18),
(169,'CARAZ',19),
(170,'HUALLANCA',19),
(171,'HUATA',19),
(172,'HUAYLAS',19),
(173,'MATO',19),
(174,'PAMPAROMÁS',19),
(175,'PUEBLO LIBRE',19),
(176,'SANTA CRUZ',19),
(177,'SANTO TORIBIO',19),
(178,'YURACMARCA',19),
(179,'PISCOBAMBA',20),
(180,'CASCA',20),
(181,'ELEAZAR GUSMÁM BARRÓN',20),
(182,'FIDEL OLIVAS ESCUDERO',20),
(183,'LLAMA',20),
(184,'LLUMPA',20),
(185,'MUSGA',20),
(186,'LUCMA',20),
(187,'OCROS',21),
(188,'ACAS',21),
(189,'CAJAMARQUILLA',21),
(190,'CARHUAPAMPA',21),
(191,'COCHAS',21),
(192,'CONGAS',21),
(193,'LLIPA',21),
(194,'SAN CRISTÓBAL DE RAJÁN',21),
(195,'SAN PEDRO',21),
(196,'SANTIAGO DE CHILCAS',21),
(197,'CABANA',22),
(198,'BOLOGNESI',22),
(199,'CONCHUCOS',22),
(200,'HUACASCHUQUE',22),
(201,'HUANDOVAL',22),
(202,'LACABAMBA',22),
(203,'LLAPO',22),
(204,'PALLASCA',22),
(205,'PAMPAS',22),
(206,'SANTA ROSA',22),
(207,'TAUCA',22),
(208,'POMABAMBA',23),
(209,'HUAYLLÁN',23),
(210,'PAROBAMBA',23),
(211,'QUINUABAMBA',23),
(212,'RECUAY',24),
(213,'CATAC',24),
(214,'COTAPARACO',24),
(215,'HUAYLLAPAMPA',24),
(216,'LLACLLÍN',24),
(217,'MARCA',24),
(218,'PAMPAS CHICO',24),
(219,'PARARÍN',24),
(220,'TAPACOCHA',24),
(221,'TICAPAMPA',24),
(222,'CHIMBOTE',25),
(223,'CÁCERES DEL PERÚ',25),
(224,'COISHCO',25),
(225,'MACATE',25),
(226,'MORO',25),
(227,'NEPEÑA',25),
(228,'NUEVO CHIMBOTE',25),
(229,'SAMANCO',25),
(230,'SANTA',25),
(231,'SIHUAS',26),
(232,'ACOBAMBA',26),
(233,'ALFONSO UGARTE',26),
(234,'CASHAPAMPA',26),
(235,'CHINGALPO',26),
(236,'HUAYLLABAMBA',26),
(237,'QUICHES',26),
(238,'RAGASH',26),
(239,'SAN JUAN',26),
(240,'SICSIBAMBA',26),
(241,'YUNGAY',27),
(242,'CASCAPARA',27),
(243,'MANCOS',27),
(244,'MATACOTO',27),
(245,'QUILLO',27),
(246,'RANRAHÍRCA',27),
(247,'YANAMA',27),
(248,'ABANCAY',28),
(249,'CHACOCHE',28),
(250,'CIRCA',28),
(251,'CURAHUASI',28),
(252,'HUANIPACA',28),
(253,'LAMBRAMA',28),
(254,'PICHIRHUA',28),
(255,'SAN PEDRO DE CACHORA',28),
(256,'TAMBURCO',28),
(257,'ANDAHUAYLAS',29),
(258,'ANDARAPA',29),
(259,'CHIARA',29),
(260,'HUANCARAMA',29),
(261,'HUANCARAY',29),
(262,'HUAYANA',29),
(263,'JOSÉ MARÍA ARGUEDAS',29),
(264,'KAQUIABAMBA',29),
(265,'KISHUARA',29),
(266,'PACOBAMBA',29),
(267,'PACUCHA',29),
(268,'PAMPACHIRI',29),
(269,'POMACOCHA',29),
(270,'SAN ANTONIO DE CACHI',29),
(271,'SAN JERÓNIMO',29),
(272,'SAN MIGUEL DE CHACCRAPAMPA',29),
(273,'SANTA MARÍA DE CHICMO',29),
(274,'TALAVERA DE LA REYNA',29),
(275,'TUMAY HUARACA',29),
(276,'TURPO',29),
(277,'ANTABAMBA',30),
(278,'EL ORO',30),
(279,'HUAQUIRCA',30),
(280,'JUAN ESPINOZA MEDRANO',30),
(281,'OROPESA',30),
(282,'PACHACONAS',30),
(283,'SABAINO',30),
(284,'CHALHUANCA',31),
(285,'CAPAYA',31),
(286,'CARAYBAMBA',31),
(287,'CHAPIMARCA',31),
(288,'COLCABAMBA',31),
(289,'COTARUSE',31),
(290,'IHUAYLLO',31),
(291,'JUSTO APU SAHUARAURA',31),
(292,'LUCRE',31),
(293,'POCOHUANCA',31),
(294,'SAN JUAN DE CHACÑA',31),
(295,'SAÑAYCA',31),
(296,'SORAYA',31),
(297,'TAPAIRIHUA',31),
(298,'TINTAY',31),
(299,'TORAYA',31),
(300,'YANACA',31),
(301,'TAMBOBAMBA',32),
(302,'COTABAMBAS',32),
(303,'COYLLURQUI',32),
(304,'HAQUIRA',32),
(305,'MARA',32),
(306,'CHALHUAHUACHO',32),
(307,'CHINCHEROS',33),
(308,'ANCCOHUAYLLO',33),
(309,'COCHARCAS',33),
(310,'HUACCANA',33),
(311,'OCOBAMBA',33),
(312,'ONGOY',33),
(313,'URANMARCA',33),
(314,'RANRACANCHA',33),
(315,'ROCCHAC',33),
(316,'EL PORVENIR',33),
(317,'LOS CHANKAS',33),
(318,'CHUQUIBAMBILLA',34),
(319,'CURPAHUASI',34),
(320,'HUAYLLATI',34),
(321,'MAMARA',34),
(322,'MARISCAL GAMARRA',34),
(323,'MICAELA BASTIDAS',34),
(324,'PATAYPAMPA',34),
(325,'PROGRESO',34),
(326,'SAN ANTONIO',34),
(327,'SANTA ROSA',34),
(328,'TURPAY',34),
(329,'VILCABAMBA',34),
(330,'VIRUNDO',34),
(331,'CURASCO',34),
(332,'ALTO SELVA ALEGRE',35),
(333,'AREQUIPA',35),
(334,'CAYMA',35),
(335,'CERRO COLORADO',35),
(336,'CHARACATO',35),
(337,'CHIGUATA',35),
(338,'JACOBO HUNTER',35),
(339,'JOSÉ LUIS BUSTAMANTE Y RIVERO',35),
(340,'LA JOYA',35),
(341,'MARIANO MELGAR',35),
(342,'MIRAFLORES',35),
(343,'MOLLEBAYA',35),
(344,'PAUCARPATA',35),
(345,'POCSI',35),
(346,'POLOBAYA',35),
(347,'QUEQUEÑA',35),
(348,'SABANDÍA',35),
(349,'SACHACA',35),
(350,'SAN JUAN DE SIGUAS',35),
(351,'SAN JUAN DE TARUCANI',35),
(352,'SANTA ISABEL DE SIGUAS',35),
(353,'SANTA RITA DE SIGUAS',35),
(354,'SOCABAYA',35),
(355,'TIABAYA',35),
(356,'UCHUMAYO',35),
(357,'VITOR',35),
(358,'YANAHUARA',35),
(359,'YARABAMBA',35),
(360,'YURA',35),
(361,'CAMANÁ',36),
(362,'JOSÉ MARÍA QUIMPER',36),
(363,'MARIANO NICOLÁS VALCARCEL',36),
(364,'MARISCAL CÁCERES',36),
(365,'NICOLÁS DE PIÉROLA',36),
(366,'OCOÑA',36),
(367,'QUILCA',36),
(368,'SAMUEL PASTOR',36),
(369,'CARAVELI',37),
(370,'ACARÍ',37),
(371,'ATICO',37),
(372,'ATIQUIA',37),
(373,'BELLA UNIÓN',37),
(374,'CAHUACHO',37),
(375,'CHALA',37),
(376,'CHAPARRA',37),
(377,'HUANUHUANU',37),
(378,'JAQUI',37),
(379,'LOMAS',37),
(380,'QUICACHA',37),
(381,'YAUCA',37),
(382,'APLAO',38),
(383,'ANDAHUA',38),
(384,'AYO',38),
(385,'CHACHAS',38),
(386,'CHICAYMARCA',38),
(387,'CHOCO',38),
(388,'HUANCARQUI',38),
(389,'MACHAGUAY',38),
(390,'ORCOPAMPA',38),
(391,'PAMPACOLCA',38),
(392,'TIPÁN ',38),
(393,'UÑÓN',38),
(394,'URACA',38),
(395,'VIRACO',38),
(396,'ACHOMA',39),
(397,'CABANACONDE',39),
(398,'CALLALLI',39),
(399,'CAYLLOMA',39),
(400,'CHIVAY',39),
(401,'COPORAQUE',39),
(402,'HUAMBO',39),
(403,'HUANCA',39),
(404,'ICHUPAMPA',39),
(405,'LARI',39),
(406,'LLUTA',39),
(407,'MACA',39),
(408,'MADRIGAL',39),
(409,'MAJES',39),
(410,'SAN ANTONIO DE CHUCA',39),
(411,'SIBAYO',39),
(412,'TAPAY',39),
(413,'TISCO',39),
(414,'TUTI',39),
(415,'YANQUE',39),
(416,'CHUQUIBAMBA',40),
(417,'ANDARAY',40),
(418,'CAYARANI',40),
(419,'CHINCHAS',40),
(420,'IRAY',40),
(421,'RÍO GRANDE',40),
(422,'SALAMANCA',40),
(423,'YANAQUINUA',40),
(424,'MOLLENDO',41),
(425,'COCACHACRA',41),
(426,'DEÁN VALDIVIA',41),
(427,'ISLAY',41),
(428,'MEJÍA',41),
(429,'PUNTA DE BOMBÓM',41),
(430,'ALCA',42),
(431,'CHARCANA',42),
(432,'COTAHUASI',42),
(433,'HUAYNACOTAS',42),
(434,'PAMPAMARCA',42),
(435,'PUYCA',42),
(436,'QUECHUALLA',42),
(437,'SAYLA',42),
(438,'TAURÍA',42),
(439,'TOMEPAMPA',42),
(440,'TORO',42),
(441,'ACOCRO',43),
(442,'ACOS VINCHOS',43),
(443,'AYACUCHO',43),
(444,'CARMEN ALTO',43),
(445,'CHIARA',43),
(446,'JESUS NAZARENO',43),
(447,'OCROS',43),
(448,'PACAYCASA',43),
(449,'QUINUA',43),
(450,'SAN JOSE DE TICLLAS',43),
(451,'SAN JUAN BAUTISTA',43),
(452,'SANTIAGO DE PISCHA',43),
(453,'SOCOS',43),
(454,'TAMBILLO',43),
(455,'VINCHOS',43),
(456,'CANGALLO',44),
(457,'CHUSCHI',44),
(458,'LOS MOROCHUCOS',44),
(459,'MARÍA PARADO DE BELLIDO',44),
(460,'PARAS',44),
(461,'TOTOS',44),
(462,'CARAPO',45),
(463,'SACSAMARCA',45),
(464,'SANCOS',45),
(465,'SANTIAGO DE LUCANAMARCA',45),
(466,'AYAHUANCO',46),
(467,'CANAYRE',46),
(468,'HUAMANGUILLA',46),
(469,'HUANTA',46),
(470,'IGUAIN',46),
(471,'LLOCHEGUA',46),
(472,'LURICOCHA',46),
(473,'SANTILLANA',46),
(474,'SIVIA',46),
(475,'ANCHIHUAY',47),
(476,'ANCO',47),
(477,'AYNA',47),
(478,'CHILCAS',47),
(479,'CHUNGUI',47),
(480,'LUIS CARRANZA',47),
(481,'SAMUGARI',47),
(482,'SAN MIGUEL',47),
(483,'SANTA ROSA',47),
(484,'TAMBO',47),
(485,'AUCARA',48),
(486,'CABANA',48),
(487,'CARMEN SALCEDO',48),
(488,'CHAVIÑA',48),
(489,'CHIPAO',48),
(490,'HUAC-HUAS',48),
(491,'LARAMATE',48),
(492,'LEONCIO PRADO',48),
(493,'LLAUTA',48),
(494,'LUCANAS',48),
(495,'OCAÑA',48),
(496,'OTOCA',48),
(497,'PUQUIO',48),
(498,'SAISA',48),
(499,'SAN CRISTOBAL',48),
(500,'SAN JUAN',48),
(501,'SAN PEDRO',48),
(502,'SAN PEDRO DE PALCO',48),
(503,'SANCOS',48),
(504,'SANTA ANA DE HUAYCAHUACHO',48),
(505,'SANTA LUCIA',48),
(506,'CHUMPI',49),
(507,'CORACORA',49),
(508,'CORONEL CASTAÑEDA',49),
(509,'PACAPAUSA',49),
(510,'PULLO',49),
(511,'PUYUSCA',49),
(512,'SAN FRANCISCO DE RAVACAYCO',49),
(513,'UPAHUACHO',49),
(514,'COLTA',50),
(515,'CORCULLA',50),
(516,'LAMPA',50),
(517,'MARCABAMBA',50),
(518,'OYOLO',50),
(519,'PARARCA',50),
(520,'PAUSA',50),
(521,'SAN JAVIER DE ALPABAMBA',50),
(522,'SAN JOSE DE USHUA',50),
(523,'SARA SARA',50),
(524,'BELÉN',51),
(525,'CHALCOS',51),
(526,'CHILCAYOC',51),
(527,'HUACAÑA',51),
(528,'MORCOLLA',51),
(529,'PAICO',51),
(530,'QUEROBAMBA',51),
(531,'SAN PEDRO DE LARCAY',51),
(532,'SAN SALVADOR DE QUIJE',51),
(533,'SANTIAGO DE PAUCARAY',51),
(534,'SORAS',51),
(535,'ALCAMENCA',52),
(536,'APONGO',52),
(537,'ASQUIPATA',52),
(538,'CANARIA',52),
(539,'CAYARA',52),
(540,'COLCA',52),
(541,'HUAMANQUIQUIA',52),
(542,'HUANCAPI',52),
(543,'HUANCARAYLLA',52),
(544,'HUALLA',52),
(545,'SARHUA',52),
(546,'VILCANCHOS',52),
(547,'ACCOMARCA',53),
(548,'CARHUANCA',53),
(549,'CONCEPCIÓN ',53),
(550,'HUAMBALPA',53),
(551,'INDEPENDENCIA',53),
(552,'SAURAMA',53),
(553,'VILCASHUAMÁN',53),
(554,'VISCHONGO',53),
(555,'ASUNCIÓN',54),
(556,'CAJAMARCA',54),
(557,'CHETILLA',54),
(558,'COSPAN',54),
(559,'ENCAÑADA',54),
(560,'JESÚS',54),
(561,'LLANACORA',54),
(562,'LOS BAÑOS DEL INCA',54),
(563,'MAGDALENA',54),
(564,'MATARA',54),
(565,'NAMORA',54),
(566,'SAN JUAN',54),
(567,'CACHACHI',55),
(568,'CAJABAMBA',55),
(569,'CONDEBAMBA',55),
(570,'SITACOCHA',55),
(571,'CELENDÍN',56),
(572,'CHUMUCH',56),
(573,'CORTEGANA',56),
(574,'HUASMIN',56),
(575,'JORGE CHAVEZ',56),
(576,'JOSÉ GÁLVEZ',56),
(577,'LA LIBERTAD DE PALLÁN',56),
(578,'MIGUEL IGLESIAS',56),
(579,'OXAMARCA',56),
(580,'SOROCHUCO',56),
(581,'SUCRE',56),
(582,'UTCO',56),
(583,'ANGUIA',57),
(584,'CHADIN',57),
(585,'CHALAMARCA',57),
(586,'CHIGUIRIP',57),
(587,'CHIMBAN',57),
(588,'CHOROPAMPA',57),
(589,'CHOTA',57),
(590,'COCHABAMBA',57),
(591,'CONCHAN',57),
(592,'HUAMBOS',57),
(593,'LAJAS',57),
(594,'LLAMA',57),
(595,'MIRACOSTA',57),
(596,'PACCHA',57),
(597,'PION',57),
(598,'QUEROCOTO',57),
(599,'SAN JUAN DE LICUPIS',57),
(600,'TACABAMBA',57),
(601,'TOCMOCHE',57),
(602,'CHILETE',58),
(603,'CONTUMAZÁ',58),
(604,'CUPISNIQUE',58),
(605,'GUZMANGO',58),
(606,'SAN BENITO',58),
(607,'SANTA CRUZ DE TOLED',58),
(608,'TANTARICA',58),
(609,'YONAN',58),
(610,'CALLAYUC',59),
(611,'CHOROS',59),
(612,'CUJILLO',59),
(613,'CUTERVO',59),
(614,'LA RAMADA',59),
(615,'PIMPINGOS',59),
(616,'QUEROCOTILLO',59),
(617,'SAN ANDRÉS DE CUTERVO',59),
(618,'SAN JUAN DE CUTERVO',59),
(619,'SAN LUIS DE LUCMA',59),
(620,'SANTA CRUZ',59),
(621,'SANTO DOMINGO DE LA CAPILLA',59),
(622,'SANTO TOMAS',59),
(623,'SOCOTA',59),
(624,'TORIBIO CASANOVA',59),
(625,'BAMBAMARCA',60),
(626,'CHUGUR',60),
(627,'HUALGAYOC',60),
(628,'BELLAVISTA',61),
(629,'CHONTALÍ',61),
(630,'COLASAY',61),
(631,'HUABAL',61),
(632,'JAÉN',61),
(633,'LAS PIRIAS',61),
(634,'POMAHUACA',61),
(635,'PUCARÁ',61),
(636,'SALLIQUE',61),
(637,'SAN FELIPE',61),
(638,'SAN JOSÉ DEL ALTO',61),
(639,'SANTA ROSA',61),
(640,'CHIRINOS',62),
(641,'HUARANGO',62),
(642,'LA COIPA',62),
(643,'NAMBALLE',62),
(644,'SAN IGNASIO',62),
(645,'SAN JOSÉ DE LOURDES',62),
(646,'TABACONAS',62),
(647,'CHANCAY',63),
(648,'EDUARDO VILLANUEVA',63),
(649,'GREGORIO PITA',63),
(650,'ICHOCÁN',63),
(651,'JOSÉ MANUEL QUIROZ',63),
(652,'JOSÉ SABOGAL',63),
(653,'PEDRO GÁLVEZ',63),
(654,'BOLÍVAR',64),
(655,'CALQUIS',64),
(656,'CATILLUC',64),
(657,'EL PRADO',64),
(658,'LA FLORIDA',64),
(659,'LLAPA',64),
(660,'NANCHOC',64),
(661,'NIEPOS',64),
(662,'SAN GREGORIO',64),
(663,'SAN MIGUEL',64),
(664,'SAN SILVESTRE DE COCHÁN',64),
(665,'TONGOD',64),
(666,'UNIÓN AGUA BLANCA',64),
(667,'SAN BERNANDINO',65),
(668,'SAN LUIS',65),
(669,'SAN PABLO',65),
(670,'TUMBADEN',65),
(671,'ANDABAMBA',66),
(672,'CATACHE',66),
(673,'CHANCAYBAÑOS',66),
(674,'LA ESPERANZA',66),
(675,'NINABAMBA',66),
(676,'PULÁN',66),
(677,'SANTA CRUZ',66),
(678,'SAUCEPAMPA',66),
(679,'SEXI',66),
(680,'UTICYACU',66),
(681,'YAUYUCAN',66),
(682,'CCORCA',74),
(683,'CUSCO',74),
(684,'POROY',74),
(685,'SAN JERONIMO',74),
(686,'SAN SEBASTIAN',74),
(687,'SANTIAGO',74),
(688,'SAYLLA',74),
(689,'WANCHAQ',74),
(690,'ACOMAYO',75),
(691,'ACOPIA',75),
(692,'ACOS',75),
(693,'MOSOC LLACTA',75),
(694,'POMACANCHI',75),
(695,'RONDOCAN',75),
(696,'SANGARARA',75),
(697,'ANCAHUASI',76),
(698,'ANTA',76),
(699,'CACHIMAYO',76),
(700,'CHINCHAYPUJIO',76),
(701,'HUARACONDO',76),
(702,'LIMATAMBO',76),
(703,'MOLLEPATA',76),
(704,'PUCYURA',76),
(705,'ZURITE',76),
(706,'CALCA',77),
(707,'COYA',77),
(708,'LAMAY',77),
(709,'LARES',77),
(710,'PISAC',77),
(711,'SAN SALVADOR',77),
(712,'TARAY',77),
(713,'YANATILE',77),
(714,'CHECCA',78),
(715,'KUNTURKANKI',78),
(716,'LANGUI',78),
(717,'LAYO',78),
(718,'PAMPAMARCA',78),
(719,'QUEHUE',78),
(720,'TUPAC AMARU',78),
(721,'YANAOCA',78),
(722,'CHECACUPE',79),
(723,'COMBAPATA',79),
(724,'MARANGANI',79),
(725,'PITUMARCA',79),
(726,'SAN PABLO',79),
(727,'SAN PEDRO',79),
(728,'SICUANI',79),
(729,'TINTA',79),
(730,'CAPACMARCA',80),
(731,'CHAMACA',80),
(732,'COLQUEMARCA',80),
(733,'LIVITACA',80),
(734,'LLUSCO',80),
(735,'QUIÑOTA',80),
(736,'SANTO TOMAS',80),
(737,'VELILLE',80),
(738,'ALTO PICHIGUA',81),
(739,'CONDORAMA',81),
(740,'COPORAQUE',81),
(741,'ESPINAR',81),
(742,'OCORURO',81),
(743,'PALLPATA',81),
(744,'PICHIGUA',81),
(745,'SUYCKUTAMBO',81),
(746,'ECHARATI',82),
(747,'HUAYOPATA',82),
(748,'KIMBIRI',82),
(749,'MARANURA',82),
(750,'OCOBAMBA',82),
(751,'PICHARI',82),
(752,'QUELLOUNO',82),
(753,'SANTA ANA',82),
(754,'SANTA TERESA',82),
(755,'VILCABAMBA',82),
(756,'ACCHA',83),
(757,'CCAPI',83),
(758,'COLCHA',83),
(759,'HUANOQUITE',83),
(760,'OMACHA',83),
(761,'PACCARITAMBO',83),
(762,'PARURO',83),
(763,'PILLPINTO',83),
(764,'YAURISQUE',83),
(765,'CAICAY',84),
(766,'CHALLABAMBA',84),
(767,'COLQUEPATA',84),
(768,'HUANCARANI',84),
(769,'KOSÑIPATA',84),
(770,'PAUCARTAMBO',84),
(771,'ANDAHUAYLILLAS',85),
(772,'CAMANTI',85),
(773,'CCARHUAYO',85),
(774,'CCATCA',85),
(775,'CUSIPATA',85),
(776,'HUARO',85),
(777,'LUCRE',85),
(778,'MARCAPATA',85),
(779,'OCONGATE',85),
(780,'OROPESA',85),
(781,'QUIQUIJANA',85),
(782,'URCOS',85),
(783,'CHINCHERO',86),
(784,'HUAYLLABAMBA',86),
(785,'MACHUPICCHU',86),
(786,'MARAS',86),
(787,'OLLANTAYTAMBO',86),
(788,'URUBAMBA',86),
(789,'YUCAY',86),
(790,'ACOBAMBILLA',87),
(791,'ACORIA',87),
(792,'ASCENSION',87),
(793,'CONAYCA',87),
(794,'CUENCA',87),
(795,'HUACHOCOLPA',87),
(796,'HUANCAVELICA',87),
(797,'HUANDO',87),
(798,'HUAYLLAHUARA',87),
(799,'IZCUCHACA',87),
(800,'LARIA',87),
(801,'MANTA',87),
(802,'MARISCAL CÁCERES',87),
(803,'MOYA',87),
(804,'NUEVO OCCORO',87),
(805,'PALCA',87),
(806,'PILCHACA',87),
(807,'VILCA',87),
(808,'YAULI',87),
(809,'ACOBAMBA',88),
(810,'ANDABAMBA',88),
(811,'ANTA',88),
(812,'CAJA',88),
(813,'MARCAS',88),
(814,'PAUCARÁ',88),
(815,'POMACOCHA',88),
(816,'ROSARIO',88),
(817,'ANCHONGA',89),
(818,'CALLANMARCA',89),
(819,'CCOCHACCASA',89),
(820,'CHINCHO',89),
(821,'CONGALLA',89),
(822,'HUANCA-HUANCA',89),
(823,'HUAYLLAY GRANDE',89),
(824,'JULCAMARCA',89),
(825,'LIRCAY',89),
(826,'SAN ANTONIO DE ANTAPARCO',89),
(827,'SANTO TOMAS DE PATA',89),
(828,'SECCLLA',89),
(829,'ARMA',90),
(830,'AURAHUÁ',90),
(831,'CAPILLAS',90),
(832,'CASTROVIRREYNA',90),
(833,'CHUPAMARCA',90),
(834,'COCAS',90),
(835,'HUACHOS',90),
(836,'HUAMATAMBO',90),
(837,'MOLLEPAMPA',90),
(838,'SAN JUAN',90),
(839,'SANTA ANA',90),
(840,'TANTARA',90),
(841,'TICRAPO',90),
(842,'ANCO',91),
(843,'CHINCHIHUASI',91),
(844,'CHURCAMPA',91),
(845,'EL CARMEN',91),
(846,'LA MERCED',91),
(847,'LOCROJA',91),
(848,'PACHAMARCA',91),
(849,'PAUCARBAMBA',91),
(850,'SAN MIGUEL DE MAYOCC',91),
(851,'SAN PEDRO DE CORIS',91),
(852,'AYAVI',92),
(853,'CORDOVA',92),
(854,'HUAYACUNDO ARMA',92),
(855,'HUAYTARA',92),
(856,'LARAMARCA',92),
(857,'OCOYO',92),
(858,'PILPICHACA',92),
(859,'QUERCO',92),
(860,'QUITO - ARMA',92),
(861,'SAN ANTONIO DE CUSICANCHA',92),
(862,'SAN FRANCISCO DE SANGAYAICO',92),
(863,'SAN ISIDRO',92),
(864,'SANTIAGO DE CHOCORVOS',92),
(865,'SANTIAGO DE QUIRAHUARA',92),
(866,'SANTO DOMINGO DE CAPILLAS',92),
(867,'TAMBO',92),
(868,'ACOSTAMBO',93),
(869,'ACRAQUIA',93),
(870,'AHUAYCHA',93),
(871,'COLCABAMBA',93),
(872,'DANIEL HERNÁNDEZ',93),
(873,'HUACHOCOLPA',93),
(874,'HUARIBAMBA',93),
(875,'ÑAHUIMPUQUIO',93),
(876,'PAMPAS',93),
(877,'PAZOS',93),
(878,'QUISHUAR',93),
(879,'SALCABAMBA',93),
(880,'SALCAHUASI',93),
(881,'SAN MARCOS DE ROCCHAC',93),
(882,'SURCUBAMBA',93),
(883,'TINTAY PUNCU',93),
(884,'AMARILIS',94),
(885,'CHINCHAO',94),
(886,'CHURUBAMBA',94),
(887,'HUANUCO',94),
(888,'MARGOS',94),
(889,'PILLCO MARCA',94),
(890,'QUISQUI',94),
(891,'SAN FRACISCO DE CAYRAN',94),
(892,'SAN PEDRO DE CHAULAN',94),
(893,'SANTA MARIA DEL VALLE',94),
(894,'YARUMAYO',94),
(895,'AMBO',95),
(896,'CAYNA',95),
(897,'COLPAS',95),
(898,'CONCHAMARCA',95),
(899,'HUACAR',95),
(900,'SAN FRANCISCO',95),
(901,'SAN RAFAEL',95),
(902,'TOMAY KICHWA',95),
(903,'CHUQUIS',96),
(904,'LA UNION',96),
(905,'MARIAS',96),
(906,'PACHAS',96),
(907,'QUIVILLA',96),
(908,'RIPAN',96),
(909,'SHUNQUI',96),
(910,'SILLAPATA',96),
(911,'YANAS',96),
(912,'CONCHABAMBA',97),
(913,'COCHABAMBA',97),
(914,'HUAYCABAMBA',97),
(915,'PINRA',97),
(916,'ARANCAY',98),
(917,'CHAVIN DE PARIARCA',98),
(918,'JACAS GRANDE',98),
(919,'JIRCAN',98),
(920,'LLATA',98),
(921,'MIRAFLORES',98),
(922,'MONZON',98),
(923,'PUNCHAO',98),
(924,'PUÑOS',98),
(925,'SINGA',98),
(926,'TANTAMAYO',98),
(927,'DANIEL ALOMIAS ROBLES',99),
(928,'HERMILIO VALDIZAN',99),
(929,'JOSE CRESPO Y CASTILLO',99),
(930,'LUYANDO',99),
(931,'MARIANO DAMASCO BEREAUN',99),
(932,'RUPA-RUPA',99),
(933,'CHOLON',100),
(934,'HUACRACHUCO',100),
(935,'SAN BUENAVENTURA',100),
(936,'CHAGLLA',101),
(937,'MOLINO',101),
(938,'PANAO',101),
(939,'UMARI',101),
(940,'CODO DEL POZUZO',102),
(941,'HONORIA',102),
(942,'PUERTO INCA',102),
(943,'TOURNAVISTA',102),
(944,'YUYAPICHIS',102),
(945,'BAÑOS',103),
(946,'JESUS',103),
(947,'JIVIA',103),
(948,'QUEROPALCA',103),
(949,'RONDOS',103),
(950,'SAN FRANCISCO DE ASIS',103),
(951,'SAN MIGUEL DE CAURI',103),
(952,'APARICIO POMARES',104),
(953,'CAHUAC',104),
(954,'CHACABAMBA',104),
(955,'CHAVINILLO',104),
(956,'CHORAS',104),
(957,'JACAS CHICO',104),
(958,'OBAS',104),
(959,'PAMPAMARCA',104),
(960,'ICA',105),
(961,'LA TINGUIÑA',105),
(962,'LOS AQUIJES',105),
(963,'OCUCAJE',105),
(964,'PACHACUTEC',105),
(965,'PARCONA',105),
(966,'PUEBLO NUEVO',105),
(967,'SALAS',105),
(968,'SAN JOSE DE LOS MOLINOS',105),
(969,'SAN JUAN BAUTISTA',105),
(970,'SANTIAGO',105),
(971,'SUBTANJALLA',105),
(972,'TATE',105),
(973,'YAUCA DEL ROSARIO',105),
(974,'ALTO LARAN',106),
(975,'CHAVIN',106),
(976,'CHINCHA ALTA',106),
(977,'CHINCHA BAJA',106),
(978,'EL CARMEN',106),
(979,'GROCIO PRADO',106),
(980,'PUEBLO NUEVO',106),
(981,'SAN JUAN DE YANAC',106),
(982,'SAN PEDRO DE HUACARPANA',106),
(983,'SUNAMPE',106),
(984,'TAMBO DE MORA',106),
(985,'CHANGUILLO',107),
(986,'EL INGENIO',107),
(987,'MARCONA',107),
(988,'NAZCA',107),
(989,'VISTA ALEGRE',107),
(990,'LLIPATA',108),
(991,'PALPA',108),
(992,'RIO GRANDE',108),
(993,'SANTA CRUZ',108),
(994,'TIBILLO',108),
(995,'HUANCANO',109),
(996,'HUMAY',109),
(997,'INDEPENDENCIA',109),
(998,'PARACAS',109),
(999,'PISCO',109),
(1000,'SAN ANDRES',109),
(1001,'SAN CLEMENTE',109),
(1002,'TUPAC AMARU INCA',109),
(1003,'CARHUACALLANGA',110),
(1004,'CHACAPAMPA',110),
(1005,'CHICCHE',110),
(1006,'CHILCA',110),
(1007,'CHONGOS ALTO',110),
(1008,'CHUPURO',110),
(1009,'COLCA',110),
(1010,'CULLHUAS',110),
(1011,'EL TAMBO',110),
(1012,'HUACRAPUQUIO',110),
(1013,'HUALHUAS',110),
(1014,'HUANCAN',110),
(1015,'HUANCAYO',110),
(1016,'HUASICANCHA',110),
(1017,'HUAYUCACHI',110),
(1018,'INGENIO',110),
(1019,'PARIAHUANCA',110),
(1020,'PILCOMAYO',110),
(1021,'PUCARA',110),
(1022,'QUICHUAY',110),
(1023,'QUILCAS',110),
(1024,'SAN AGUSTÍN',110),
(1025,'SAN JERÓNIMO DE TUNÁN',110),
(1026,'SAÑO',110),
(1027,'SANTO DOMINGO DE ACOBAMBA',110),
(1028,'SAPALLANGA',110),
(1029,'SICAYA',110),
(1030,'VIQUES',110),
(1031,'ACO',111),
(1032,'ANDAMARCA',111),
(1033,'CHAMBARA',111),
(1034,'COCHAS',111),
(1035,'COMAS',111),
(1036,'CONCEPCIÓN',111),
(1037,'HEROÍNAS TOLEDO',111),
(1038,'MANZANARES',111),
(1039,'MARISCAL CASTILLA',111),
(1040,'MATAHUASI',111),
(1041,'MITO',111),
(1042,'NUEVE DE JULIO',111),
(1043,'ORCOTUNA',111),
(1044,'SAN JOSE DE QUERO',111),
(1045,'SANTA ROSA DE OCOPA',111),
(1046,'CHANCHAMAYO',112),
(1047,'PERENÉ',112),
(1048,'PICHANAQUI',112),
(1049,'SAN LUIS DE SHUARO',112),
(1050,'SAN RAMÓN',112),
(1051,'VITOC',112),
(1052,'ACOLLA',113),
(1053,'APATA',113),
(1054,'ATAURA',113),
(1055,'CHANCHAYLLO',113),
(1056,'CURICACA',113),
(1057,'EL MANTARO',113),
(1058,'HUAMALI',113),
(1059,'HUARIPAMPA',113),
(1060,'HUERTAS',113),
(1061,'JANJAILLO',113),
(1062,'JAUJA',113),
(1063,'JULCAN',113),
(1064,'LEONOR ORDONEZ',113),
(1065,'LLOCLLAPAMPA',113),
(1066,'MARCO',113),
(1067,'MASMA',113),
(1068,'MASMA CHICCHE',113),
(1069,'MOLINOS',113),
(1070,'MONOBAMBA',113),
(1071,'MUQUI',113),
(1072,'MUQUIYAUYO',113),
(1073,'PACA',113),
(1074,'PACCHA',113),
(1075,'PANCAN',113),
(1076,'PARCO',113),
(1077,'POMACANCHA',113),
(1078,'RICRAN',113),
(1079,'SAN LORENZO',113),
(1080,'SAN PEDRO DE CHUNAN',113),
(1081,'SAUSA',113),
(1082,'SINCOS',113),
(1083,'TUANAN MARCA',113),
(1084,'YAULI',113),
(1085,'YAUYOS',113),
(1086,'CARHUAMAYO',114),
(1087,'JUNÍN',114),
(1088,'ONDORES',114),
(1089,'ULCUMAYO',114),
(1090,'COVIRIALI',115),
(1091,'LLAYLLA',115),
(1092,'MAZAMARI',115),
(1093,'PAMPA HERMOSA',115),
(1094,'PANGOA',115),
(1095,'RÍO NEGRO',115),
(1096,'RÍO TAMBO',115),
(1097,'SATIPO',115),
(1098,'ACOBAMBA',116),
(1099,'HUARICOLCA',116),
(1100,'HUASAHUASI',116),
(1101,'LA UNIÓN',116),
(1102,'PALCA',116),
(1103,'PALCAMAYO',116),
(1104,'SAN PEDRO DE CAJAS',116),
(1105,'TAPO',116),
(1106,'TARMA',116),
(1107,'CHACAPALCA',117),
(1108,'HUAY-HUAY',117),
(1109,'LA OROYA',117),
(1110,'MARCAPOMACOCHA',117),
(1111,'MOROCOCHA',117),
(1112,'PACCHA',117),
(1113,'SANTA BARBARA DE CARHUACAYAN',117),
(1114,'SANTA ROSA DE SACCO',117),
(1115,'SUITUCANCHA',117),
(1116,'YAULI',117),
(1117,'AHUAC',118),
(1118,'CHONGOS BAJO',118),
(1119,'CHUPACA',118),
(1120,'HUÁCHAC',118),
(1121,'HUAMANCACA CHICO',118),
(1122,'SAN JUAN DE JARPA',118),
(1123,'SAN JUAN DE YSCOS',118),
(1124,'TRES DE DICIEMBRE',118),
(1125,'YANACANCHA',118),
(1126,'EL PORVENIR',119),
(1127,'FLORENCIA MORA',119),
(1128,'HUANCHACO',119),
(1129,'LA ESPERANZA',119),
(1130,'LAREDO',119),
(1131,'MOCHE',119),
(1132,'POROTO',119),
(1133,'SALAVERRY',119),
(1134,'SIMBAL',119),
(1135,'TRUJILLO',119),
(1136,'VÍCTOR LARCO HERRERA',119),
(1137,'ASCOPE',120),
(1138,'CASA GRANDE',120),
(1139,'CHICAMA',120),
(1140,'CHOCOPE',120),
(1141,'MAGDALENA DEL CAO',120),
(1142,'PAIJÁN',120),
(1143,'RÁZURI',120),
(1144,'SANTIAGO DE CAO',120),
(1145,'BAMBAMARCA',121),
(1146,'BOLÍVAR',121),
(1147,'CONCORMARCA',121),
(1148,'LONGOTEA',121),
(1149,'UCHUMARCA',121),
(1150,'UCUNCHA',121),
(1151,'CHEPÉN',122),
(1152,'PACANGA',122),
(1153,'PUEBLO NUEVO',122),
(1154,'CALAMARCA',123),
(1155,'CARABAMBA',123),
(1156,'HUASCO',123),
(1157,'JULCÁN',123),
(1158,'AGALLPAMPA',124),
(1159,'CHARAT',124),
(1160,'HUARANCHAL',124),
(1161,'LA CUESTA',124),
(1162,'MACHE',124),
(1163,'OTUZCO',124),
(1164,'PARANDAY',124),
(1165,'SALPO',124),
(1166,'SINSICAP',124),
(1167,'USQUIL',124),
(1168,'GUADALUPE',125),
(1169,'JEQUETEPEQUE',125),
(1170,'PACASMAYO',125),
(1171,'SAN JOSÉ',125),
(1172,'SAN PEDRO DE LLOC',125),
(1173,'BULDIBUYO',126),
(1174,'CHILLIA',126),
(1175,'HUANCASPATA',126),
(1176,'HUAYLILLAS',126),
(1177,'HUAYO',126),
(1178,'ONGÓN',126),
(1179,'PARCOY',126),
(1180,'PATAZ',126),
(1181,'PIAS',126),
(1182,'SANTIAGO DE CHALLAS',126),
(1183,'TAURIJA',126),
(1184,'TAYABAMBA',126),
(1185,'URPAY',126),
(1186,'CHUGAY',127),
(1187,'COCHORCO',127),
(1188,'CURGOS',127),
(1189,'HUAMACHUCO',127),
(1190,'MARCABAL',127),
(1191,'SANAGORÁN',127),
(1192,'SARÍN',127),
(1193,'SARTIMBAMBA',127),
(1194,'ANGASMARCA',128),
(1195,'CACHICADÁN',128),
(1196,'MOLLEBAMBA',128),
(1197,'MOLLEPATA',128),
(1198,'QUIRUVILCA',128),
(1199,'SANTA CRUZ DE CHUCA',128),
(1200,'SANTIAGO DE CHUCO',128),
(1201,'SITABAMBA',128),
(1202,'CASCAS',129),
(1203,'LUCMA',129),
(1204,'MARMOT',129),
(1205,'SAYAPULLO',129),
(1206,'CHAO',130),
(1207,'GUADALUPITO',130),
(1208,'VIRÚ',130),
(1209,'CAYALTÍ',131),
(1210,'CHICLAYO',131),
(1211,'CHONGOYAPE',131),
(1212,'ETEN',131),
(1213,'JOSÉ LEONARDO ORTIZ',131),
(1214,'LA VICTORIA',131),
(1215,'LAGUNAS',131),
(1216,'MONSEFÚ',131),
(1217,'NUEVA ARICA',131),
(1218,'OYOTÚN',131),
(1219,'PÁTAPO',131),
(1220,'PICSI',131),
(1221,'PIMENTEL',131),
(1222,'POMALCA',131),
(1223,'PUCALÁ',131),
(1224,'PUERTO ETEN',131),
(1225,'REQUE',131),
(1226,'SANTA ROSA',131),
(1227,'TUMÁN',131),
(1228,'ZAÑA',131),
(1229,'PITIPO',132),
(1230,'FERREÑAFE',132),
(1231,'INCAHUASI',132),
(1232,'KAÑARIS',132),
(1233,'MANUEL ANTONIO MESONES MURO',132),
(1234,'PUEBLO NUEVO',132),
(1235,'CHOCHOPE',133),
(1236,'ILLIMO',133),
(1237,'JAYANCA',133),
(1238,'LAMBAYEQUE',133),
(1239,'MOCHUMÍ',133),
(1240,'MÓRROPE',133),
(1241,'MOTUPE',133),
(1242,'OLMOS',133),
(1243,'PACORA',133),
(1244,'SALAS',133),
(1245,'SAN JOSÉ',133),
(1246,'TÚCUME',133),
(1247,'ANCÓN',134),
(1248,'ATE',134),
(1249,'BARRANCO',134),
(1250,'BREÑA',134),
(1251,'CARABAYLLO',134),
(1252,'CHACLACAYO',134),
(1253,'CHORRILLOS',134),
(1254,'CIENEGUILLA',134),
(1255,'COMAS',134),
(1256,'EL AGUSTINO',134),
(1257,'INDEPENDENCIA',134),
(1258,'JESÚS MARÍA',134),
(1259,'LA MOLINA',134),
(1260,'LA VICTORIO',134),
(1261,'LIMA',134),
(1262,'LINCE',134),
(1263,'LOS OLIVOS',134),
(1264,'LURIGANCHO - CHOSICA',134),
(1265,'LURÍN',134),
(1266,'MAGDALENA DEL MAR',134),
(1267,'MIRAFLORES',134),
(1268,'PACHACÁMAC',134),
(1269,'PUCUSANA',134),
(1270,'PUEBLO LIBRE',134),
(1271,'PUENTE PIEDRA',134),
(1272,'PUNTA HERMOSA',134),
(1273,'PUNTA NEGRA',134),
(1274,'RÍMAC',134),
(1275,'SAN BARTOLO',134),
(1276,'SAN BORJA',134),
(1277,'SAN ISIDRO',134),
(1278,'SAN JUAN DE LURIGANCHO',134),
(1279,'SAN JUAN DE MIRAFLORES',134),
(1280,'SAN LUIS',134),
(1281,'SAN MARTIN DE PORRES',134),
(1282,'SAN MIGUEL',134),
(1283,'SANTA ANITA',134),
(1284,'SANTA MARÍA DEL MAR',134),
(1285,'SANTA ROSA',134),
(1286,'SANTIAGO DE SURCO',134),
(1287,'SURQUILLO',134),
(1288,'VILLA EL SALVADOR',134),
(1289,'VILLA MARIA DEL TRIUNFO',134),
(1290,'BARRANCA',135),
(1291,'PARAMONGA',135),
(1292,'PATIVILCA',135),
(1293,'SUPE',135),
(1294,'SUPE PUERTO',135),
(1295,'CAJATAMBO',136),
(1296,'COPA',136),
(1297,'GORGOR',136),
(1298,'HUANCAPON',136),
(1299,'MANAS',136),
(1300,'ARAHUAY',137),
(1301,'CANTA',137),
(1302,'HUAMANTANGA',137),
(1303,'HUAROS',137),
(1304,'LACHAQUI',137),
(1305,'SAN BUENAVENTURA',137),
(1306,'SANTA ROSA DE QUIVES',137),
(1307,'ASIA',138),
(1308,'CALANGO',138),
(1309,'CERRO AZUL',138),
(1310,'CHILCA',138),
(1311,'COAYLLO',138),
(1312,'IMPERIAL',138),
(1313,'LUNAHUANÁ',138),
(1314,'MALA',138),
(1315,'NUEVO IMPERIAL',138),
(1316,'PACARAN',138),
(1317,'QUILMANÁ',138),
(1318,'SAN ANTONIO',138),
(1319,'SAN LUIS',138),
(1320,'SAN VICENTE DE CAÑETE',138),
(1321,'SANTA CRUZ DE FLORES',138),
(1322,'ZUÑIGA',138),
(1323,'ATAVILLOS ALTO',139),
(1324,'ATAVILLOS BAJO',139),
(1325,'AUCALLAMA',139),
(1326,'CHANCAY',139),
(1327,'HUARAL',139),
(1328,'IHUARI',139),
(1329,'LAMPIAN',139),
(1330,'PACARAOS',139),
(1331,'SAN MIGUEL DE ACOS',139),
(1332,'SANTA CRUZ DE ANDAMARCA',139),
(1333,'SUMBILCA',139),
(1334,'VEINTISIETE DE NOVIEMBRE',139),
(1335,'ANTIOQUIA',140),
(1336,'CALLAHUANCA',140),
(1337,'CARAMPOMA',140),
(1338,'CHICLA',140),
(1339,'CUENCA',140),
(1340,'HUACHUPAMPA',140),
(1341,'HUANZA',140),
(1342,'HUAROCHIRI',140),
(1343,'LAHUAYTAMBO',140),
(1344,'LANGA',140),
(1345,'LARAOS',140),
(1346,'MARIATANA',140),
(1347,'MATUCANA',140),
(1348,'RICARDO PALMA',140),
(1349,'SAN ANDRÉS DE TUPICOCHA',140),
(1350,'SAN ANTONIO',140),
(1351,'SAN BARTOLOMÉ',140),
(1352,'SAN DAMIAN',140),
(1353,'SAN JUAN DE IRIS',140),
(1354,'SAN JUAN DE TANTARANCHE',140),
(1355,'SAN LORENZO DE QUINTI',140),
(1356,'SAN MATEO',140),
(1357,'SAN MATEO DE OTAO',140),
(1358,'SAN PEDRO DE CASTA',140),
(1359,'SAN PEDRO DE HUANCAYRE',140),
(1360,'SANGALLAYA',140),
(1361,'SANTA CRUZ DE COCACHACRA',140),
(1362,'SANTA EULALIA',140),
(1363,'SANTIAGO DE ANCHUCAYA',140),
(1364,'SANTIAGO DE TUNA',140),
(1365,'SANTO DOMINGO DE LOS OLLEROS',140),
(1366,'SURCO',140),
(1367,'AMBAR',141),
(1368,'CALETA DE CARQUIN',141),
(1369,'CHECRAS',141),
(1370,'HUACHO',141),
(1371,'HUALMAY',141),
(1372,'HUAURA',141),
(1373,'LEONCIO PRADO',141),
(1374,'PACCHO',141),
(1375,'SANTA LEONOR',141),
(1376,'SANTA MARÍA',141),
(1377,'SAYÁN',141),
(1378,'VÉGUETA',141),
(1379,'ANDAJES ',142),
(1380,'CAUJUL',142),
(1381,'COCHAMARCA',142),
(1382,'NAVAN',142),
(1383,'OYON',142),
(1384,'PACHANGARA',142),
(1385,'ALIS',143),
(1386,'AYAUCA',143),
(1387,'AYAVIRI',143),
(1388,'AZANGARO',143),
(1389,'CACRA',143),
(1390,'CARANIA',143),
(1391,'CATAHUASI',143),
(1392,'CHOCOS',143),
(1393,'COCHAS',143),
(1394,'COLONIA',143),
(1395,'HONGOS',143),
(1396,'HUAMPARA',143),
(1397,'HUANCAYA',143),
(1398,'HUAÑEC',143),
(1399,'HUANGASCAR',143),
(1400,'HUANTAN',143),
(1401,'LARAOS',143),
(1402,'LINCHA',143),
(1403,'MADEAN',143),
(1404,'MIRAFLORES',143),
(1405,'OMAS',143),
(1406,'PUTINZA',143),
(1407,'QUINCHES',143),
(1408,'QUINOCAY',143),
(1409,'SAN JOAQUIN',143),
(1410,'SAN PEDRO DE PILAS',143),
(1411,'TANTA',143),
(1412,'TAURIPAMPA',143),
(1413,'TOMAS',143),
(1414,'TUPE',143),
(1415,'VIÑAC',143),
(1416,'VITIS',143),
(1417,'YAUYOS',143),
(1418,'ALTO NANAY',144),
(1419,'BELÉN',144),
(1420,'FERNANDO FLORES',144),
(1421,'INDIANA',144),
(1422,'IQUITOS',144),
(1423,'LAS AMAZONAS',144),
(1424,'MAZÁN',144),
(1425,'NAPO',144),
(1426,'PUNCHANA',144),
(1427,'PUTUMAYO',144),
(1428,'SAN JUAN BAUTISTA',144),
(1429,'TENIENTE MANUEL CLAVERO',144),
(1430,'TORRES CAUSANA',144),
(1431,'BALSAPUERTO',145),
(1432,'JEBEROS',145),
(1433,'LAGUNAS',145),
(1434,'SANTA CRUZ',145),
(1435,'TENIENTE CÉSAR LÓPEZ ROJAS',145),
(1436,'YURIMAGUAS',145),
(1437,'NAUTA',146),
(1438,'PARINARI',146),
(1439,'TIGRE',146),
(1440,'TROMPETEROS',146),
(1441,'URARINAS',146),
(1442,'PEBAS',147),
(1443,'RAMÓN CASTILLA',147),
(1444,'SAN PABLO',147),
(1445,'YAVARÍ',147),
(1446,'ALTO TAPICHE',148),
(1447,'CAPELO',148),
(1448,'EMILIO SAN MARTÍN',148),
(1449,'JENARO HERRERA',148),
(1450,'MAQUÍA',148),
(1451,'PUINAHUA',148),
(1452,'REQUENA',148),
(1453,'SAQUENA',148),
(1454,'SOPLIN',148),
(1455,'TAPICHE',148),
(1456,'YAQUERANA',148),
(1457,'CONTAMANA',149),
(1458,'INAHUAYA',149),
(1459,'PADRE MÁRQUEZ',149),
(1460,'PAMPA HERMOSA',149),
(1461,'SARAYACU',149),
(1462,'VARGAS GUERRA',149),
(1463,'ANDOAS',150),
(1464,'BARRANCAS',150),
(1465,'CAHUAPANAS',150),
(1466,'MANSERICHE',150),
(1467,'MORONA',150),
(1468,'PASTAZA',150),
(1469,'TENIENTE MANUEL CLAVERO',151),
(1470,'PUTUMAYO',151),
(1471,'ROSA PANDURO',151),
(1472,'YAGUAS',151),
(1473,'INAMBARI',152),
(1474,'LABERINTO',152),
(1475,'LAS PIEDRAS',152),
(1476,'TAMBOPATA',152),
(1477,'FITZCARRALD',153),
(1478,'HUEPETUHE',153),
(1479,'MADRE DE DIOS',153),
(1480,'MANU',153),
(1481,'IBERIA',154),
(1482,'IÑAPARI',154),
(1483,'TAHUAMANU',154),
(1484,'CARUMAS',155),
(1485,'CUCHUMBAYA',155),
(1486,'MOQUEGUA',155),
(1487,'SAMEGUA',155),
(1488,'SAN CRISTOBAL - CALACOA',155),
(1489,'TORATA',155),
(1490,'COALAQUE',156),
(1491,'ICHUÑA',156),
(1492,'LA CAPILLA',156),
(1493,'LLOQUE',156),
(1494,'MATALAQUE',156),
(1495,'OMATE',156),
(1496,'PUQUINA',156),
(1497,'QUINISTAQUILLAS',156),
(1498,'UBINAS',156),
(1499,'YUNGA',156),
(1500,'EL ALGARROBAL',157),
(1501,'ILO',157),
(1502,'PACOCHA',157),
(1503,'CHAUPIMARCA',158),
(1504,'HUACHON',158),
(1505,'HUARIACA',158),
(1506,'HUAYLLAY',158),
(1507,'NINACACA',158),
(1508,'PALLANCHACRA',158),
(1509,'PAUCARTAMBO',158),
(1510,'SAN FRANCISCO DE ASIS DE YARUSYACAN',158),
(1511,'SIMON BOLIVAR',158),
(1512,'TICLACAYAN',158),
(1513,'TINYAHUARCO',158),
(1514,'VICCO',158),
(1515,'YANACANCHA',158),
(1516,'CHACAYAN',159),
(1517,'GOYLLARISQUIZGA',159),
(1518,'PAUCAR',159),
(1519,'SAN PEDRO DE PILLAO',159),
(1520,'SANTA ANA DE TUSI',159),
(1521,'TAPUC',159),
(1522,'VILCABAMBA',159),
(1523,'YANAHUANCA',159),
(1524,'CHONTABAMBA',160),
(1525,'HUANCABAMBA',160),
(1526,'OXAPAMPA',160),
(1527,'PALCAZU',160),
(1528,'POZUZO',160),
(1529,'PUERTO BERMUDEZ',160),
(1530,'VILLA RICA',160),
(1531,'CASTILLA',161),
(1532,'CATACAOS',161),
(1533,'CURA MORI',161),
(1534,'EL TALLÁN',161),
(1535,'LA ARENA',161),
(1536,'LA UNIÓN',161),
(1537,'LAS LOMAS',161),
(1538,'PIURA',161),
(1539,'TAMBOGRANDE',161),
(1540,'AYABACA',162),
(1541,'FRÍAS',162),
(1542,'JILILÍ',162),
(1543,'LAGUNAS',162),
(1544,'MONTERO',162),
(1545,'PACAIPAMPA',162),
(1546,'PAIMAS',162),
(1547,'SAPILLICA',162),
(1548,'SÍCCHEZ',162),
(1549,'SUYO',162),
(1550,'CANCHAQUE',163),
(1551,'EL CARMEN DE LA FRONTERA',163),
(1552,'HUANCABAMBA',163),
(1553,'HUARMACA',163),
(1554,'LALAQUIZ',163),
(1555,'SAN MIGUEL DE EL FAIQUE',163),
(1556,'SÓNDOR',163),
(1557,'SONDORILLO',163),
(1558,'BUENOS AIRES',164),
(1559,'CHALACO',164),
(1560,'CHULUCANAS',164),
(1561,'LA MATANZA',164),
(1562,'MORROPÓN',164),
(1563,'SALITRAL',164),
(1564,'SAN JUAN DE BIGOTE',164),
(1565,'SANTA CATALINA DE MOSSA',164),
(1566,'SANTO DOMINGO',164),
(1567,'YAMANGO',164),
(1568,'AMOTAPE',165),
(1569,'ARENAL',165),
(1570,'COLÁN',165),
(1571,'LA HUACA',165),
(1572,'PAITA',165),
(1573,'TAMARINDO',165),
(1574,'VICHAYAL',165),
(1575,'BELLAVISTA',166),
(1576,'IGNACIO ESCUDERO',166),
(1577,'LANCONES',166),
(1578,'MARCAVELICA',166),
(1579,'MIGUEL CHECA',166),
(1580,'QUERECOTILLO',166),
(1581,'SALITRAL',166),
(1582,'SULLANA',166),
(1583,'EL ALTO',167),
(1584,'LA BREA',167),
(1585,'LOBITOS',167),
(1586,'LOS ÓRGANOS',167),
(1587,'MÁNCORA',167),
(1588,'PARIÑAS',167),
(1589,'BELLAVISTA DE LA UNIÓN',168),
(1590,'BERNAL',168),
(1591,'CRISTO NOS VALGA',168),
(1592,'RINCONADA LLICUAR',168),
(1593,'SECHURA',168),
(1594,'VICE',168),
(1595,'ACORA',169),
(1596,'AMANTANI',169),
(1597,'ATUNCOLLA',169),
(1598,'CAPACHICA',169),
(1599,'CHUCUITO',169),
(1600,'COATA',169),
(1601,'HUATA',169),
(1602,'MAÑAZO',169),
(1603,'PAUCARCOLLA',169),
(1604,'PICHACANI',169),
(1605,'PLATERIA',169),
(1606,'PUNO',169),
(1607,'SAN ANTONIO',169),
(1608,'TIQUILLACA',169),
(1609,'VILQUE',169),
(1610,'CABANA',170),
(1611,'CABANILLAS',170),
(1612,'CARACOTO',170),
(1613,'JULIACA',170),
(1614,'ACHAYA',171),
(1615,'ARAPA',171),
(1616,'ASILLO',171),
(1617,'AZANGARO',171),
(1618,'CAMINACA',171),
(1619,'CHUPA',171),
(1620,'JOSE DOMINGO CHOQUEHUANCA',171),
(1621,'MUÑANI',171),
(1622,'POTONI',171),
(1623,'SAMAN',171),
(1624,'SAN ANTON',171),
(1625,'SAN JOSE',171),
(1626,'SAN JUAN DE SALINAS',171),
(1627,'SANTIAGO DE PUPUJA',171),
(1628,'TIRAPATA',171),
(1629,'DESAGUADERO',172),
(1630,'HUACULLANI',172),
(1631,'JULI',172),
(1632,'KELLUYO',172),
(1633,'PISACOMA',172),
(1634,'POMATA',172),
(1635,'ZEPITA',172),
(1636,'CAPAZO',173),
(1637,'CONDURIRI',173),
(1638,'ILAVE',173),
(1639,'PILCUYO',173),
(1640,'SANTA ROSA',173),
(1641,'ANTAUTA',174),
(1642,'AYAVIRI',174),
(1643,'CUPI',174),
(1644,'LLALLI',174),
(1645,'MACARI',174),
(1646,'NUÑOA',174),
(1647,'ORURILLO',174),
(1648,'SANTA ROSA',174),
(1649,'UMACHIRI',174),
(1650,'AJOYANI',175),
(1651,'AYAPATA',175),
(1652,'COASA',175),
(1653,'CORANI',175),
(1654,'CRUCERO',175),
(1655,'ITUATA',175),
(1656,'MACUSANI',175),
(1657,'OLLACHEA',175),
(1658,'SAN GABAN',175),
(1659,'USICAYOS',175),
(1660,'COJATA',176),
(1661,'HUANCANE',176),
(1662,'HUATASANI',176),
(1663,'INCHUPALLA',176),
(1664,'PUSI',176),
(1665,'ROSASPATA',176),
(1666,'TARACO',176),
(1667,'VILQUE CHICO',176),
(1668,'ALTO INAMBARI',177),
(1669,'CUYOCUYO',177),
(1670,'LIMBANI',177),
(1671,'PATAMBUCO',177),
(1672,'PHARA',177),
(1673,'QUIACA',177),
(1674,'SAN JUAN DEL ORO',177),
(1675,'SAN PEDRO DE PUTINA PUNCO',177),
(1676,'SANDIA',177),
(1677,'YANAHUAYA',177),
(1678,'ANANEA',178),
(1679,'PEDRO VILCA APAZA',178),
(1680,'PUTINA',178),
(1681,'QUILCAPUNCU',178),
(1682,'SINA',178),
(1683,'CABANILLA',179),
(1684,'CALAPUJA',179),
(1685,'LAMPA',179),
(1686,'NICASIO',179),
(1687,'OCUVIRI',179),
(1688,'PALCA',179),
(1689,'PARATIA',179),
(1690,'PUCARA',179),
(1691,'SANTA LUCIA',179),
(1692,'VILAVILA',179),
(1693,'ANAPIA',180),
(1694,'COPANI',180),
(1695,'CUTURAPI',180),
(1696,'OLLARAYA',180),
(1697,'TINICACHI',180),
(1698,'UNICACHI',180),
(1699,'YUNGUYO',180),
(1700,'CONIMA',181),
(1701,'HUAYRAPATA',181),
(1702,'MOHO',181),
(1703,'TILALI',181),
(1704,'CALZADA',182),
(1705,'HABANA',182),
(1706,'JEPELACIO',182),
(1707,'MOYOBAMBA',182),
(1708,'SORITOR',182),
(1709,'YANTALO',182),
(1710,'ALTO BIAVO',183),
(1711,'BAJO BIAVO',183),
(1712,'BELLAVISTA',183),
(1713,'HUALLAGA',183),
(1714,'SAN PABLO',183),
(1715,'SAN RAFAEL',183),
(1716,'AGUA BLANCA',184),
(1717,'SAN JOSÉ DE SISA',184),
(1718,'SAN MARTÍN',184),
(1719,'SANTA ROSA',184),
(1720,'SHATOJA',184),
(1721,'ALTO SAPOSOA',185),
(1722,'EL ESLABÓN',185),
(1723,'PISCOYACU',185),
(1724,'SACANCHE',185),
(1725,'SAPOSOA',185),
(1726,'TINGO DE SAPOSOA',185),
(1727,'ALONSO DE ALVARADO',186),
(1728,'BARRANQUITA',186),
(1729,'CAYNARACHI',186),
(1730,'CUÑUMBUQUI',186),
(1731,'LAMAS',186),
(1732,'PINTO RECODO',186),
(1733,'RUMISAPA',186),
(1734,'SAN ROQUE DE CUMBAZA',186),
(1735,'SHANAO',186),
(1736,'TABALOSOS',186),
(1737,'ZAPATERO',186),
(1738,'CAMPANILLA',187),
(1739,'HUICUNGO',187),
(1740,'JUANJUÍ',187),
(1741,'PACHIZA',187),
(1742,'PAJARILLO',187),
(1743,'BUENOS AIRES',188),
(1744,'CASPISAPA',188),
(1745,'PICOTA',188),
(1746,'PILLUANA',188),
(1747,'PUCACACA',188),
(1748,'SAN CRISTOBAL',188),
(1749,'SAN HILARIÓN',188),
(1750,'SHAMBOYACU',188),
(1751,'TINGO DE PONASA',188),
(1752,'TRES UNIDOS',188),
(1753,'RIOJA',189),
(1754,'AWAJÚN',189),
(1755,'ELIAS SOPLIN VARGAS',189),
(1756,'NUEVA CAJAMARCA',189),
(1757,'PARDO MIGUEL',189),
(1758,'POSIC',189),
(1759,'SAN FERNANDO',189),
(1760,'YORONGOS',189),
(1761,'YURACYACU',189),
(1762,'TARAPOTO',190),
(1763,'ALBERTO LEVEAU',190),
(1764,'CACATACHI',190),
(1765,'CHAZUTA',190),
(1766,'CHIPURANA',190),
(1767,'EL PORVENIR',190),
(1768,'HUIMBAYOC',190),
(1769,'JUAN GUERRA',190),
(1770,'LA BANDA DE SHILCAYO',190),
(1771,'MORALES',190),
(1772,'PAPAPLAYA',190),
(1773,'SAN ANTONIO',190),
(1774,'SAUCE',190),
(1775,'SHAPAJA',190),
(1776,'TOCACHE',191),
(1777,'NUEVO PROGRESO',191),
(1778,'PÓLVORA',191),
(1779,'SHUNTE',191),
(1780,'UCHIZA',191),
(1781,'CANDARAVE',192),
(1782,'CAIRANI',192),
(1783,'CAMILACA',192),
(1784,'CURIBAYA',192),
(1785,'HUANUARA',192),
(1786,'QUILAHUANI',192),
(1787,'ILABAYA',193),
(1788,'ITE',193),
(1789,'LOCUMBA',193),
(1790,'TACNA',194),
(1791,'ALTO DE LA ALIANZA',194),
(1792,'PALCA',194),
(1793,'CALANA',194),
(1794,'CIUDAD NUEVA',194),
(1795,'CORONEL GREGORIO ALBARRACÍN LANCHIPA',194),
(1796,'INCLÁN',194),
(1797,'LA YARADA-LOS PALOS',194),
(1798,'PACHÍA',194),
(1799,'POCOLLAY',194),
(1800,'SAMA',194),
(1801,'TARATA',195),
(1802,'ESTIQUE',195),
(1803,'ESTIQUE PAMPA',195),
(1804,'HÉROES ALBARRACÍN',195),
(1805,'SITAJARA',195),
(1806,'SUSAPAYA',195),
(1807,'TARUCACHI',195),
(1808,'TICACO',195),
(1809,'TUMBES',196),
(1810,'CORRALES',196),
(1811,'LA CRUZ',196),
(1812,'PAMPAS DE HOSPITAL',196),
(1813,'SAN JACINTO',196),
(1814,'SAN JUAN DE LA VIRGEN',196),
(1815,'ZARUMILLA',197),
(1816,'AGUAS VERDES',197),
(1817,'PAPAYAL',197),
(1818,'MATAPALO',197),
(1819,'CANOAS DE PUNTA SAL',198),
(1820,'CASITAS',198),
(1821,'ZORRITOS',198),
(1822,'CALLERÍA',199),
(1823,'CAMPOVERDE',199),
(1824,'IPARÍA',199),
(1825,'MASISEA',199),
(1826,'YARINACOCHA',199),
(1827,'NUEVA REQUENA',199),
(1828,'MANANTAY',199),
(1829,'RAIMONDI',200),
(1830,'SEPAHUA',200),
(1831,'TAHUANÍA',200),
(1832,'YURÚA',200),
(1833,'PADRE ABAD',201),
(1834,'IRÁZOLA',201),
(1835,'CURIMANÁ',201),
(1836,'ALEXANDER VON HUMBOLDT',201),
(1837,'PURÚS',202);